name,peak1,amplitude1,peak2,amplitude2,peak_difference,peak_ratio
PPP-PBM-13,1220.3569463020976,0.987513620163012,1276.3628924483137,0.5677701246630545,56.00594614621605,0.5749491582397931
